{
  "enabled": true,
  "timezone": "Europe/Berlin",
  "dependencyDashboard": true,
  "dependencyDashboardTitle": "Renovate Dashboard",
  "commitBody": "Signed-off-by: milkmaker <milkmaker@mailcow.de>",
  "rebaseWhen": "auto",
  "labels": ["renovate"],
  "assignees": [
    "@magiccc"
  ],
  "baseBranches": ["staging"],
  "enabledManagers": ["github-actions", "regex", "docker-compose"],
  "ignorePaths": [
    "data\/web\/inc\/lib\/vendor\/**"
  ],
  "regexManagers": [
    {
      "fileMatch": ["(^|/)Dockerfile[^/]*$"],
      "matchStrings": [
        "#\\srenovate:\\sdatasource=(?<datasource>.*?) depName=(?<depName>.*?)( versioning=(?<versioning>.*?))?( extractVersion=(?<extractVersion>.*?))?\\s(ENV|ARG) .*?_VERSION=(?<currentValue>.*)\\s"
       ]
    }
  ]
}
